{"mean":{"confidence_interval":{"confidence_level":0.95,"lower_bound":-0.5730190900213586,"upper_bound":-0.43659353405049517},"point_estimate":-0.5104156332817462,"standard_error":0.03491526119081106},"median":{"confidence_interval":{"confidence_level":0.95,"lower_bound":-0.5021051097811099,"upper_bound":-0.2881429087944321},"point_estimate":-0.4207807133178574,"standard_error":0.04923888972945978}}