{"mean":{"confidence_interval":{"confidence_level":0.95,"lower_bound":6771.125115980669,"upper_bound":7801.567632551977},"point_estimate":7248.571092504368,"standard_error":263.374896423374},"median":{"confidence_interval":{"confidence_level":0.95,"lower_bound":6235.093896713615,"upper_bound":6984.969795999208},"point_estimate":6756.250389165629,"standard_error":201.9564221048447},"median_abs_dev":{"confidence_interval":{"confidence_level":0.95,"lower_bound":1160.4646967485396,"upper_bound":1854.1014113646447},"point_estimate":1549.5209354886072,"standard_error":172.6607224316966},"slope":{"confidence_interval":{"confidence_level":0.95,"lower_bound":5856.813952584386,"upper_bound":6351.800007486687},"point_estimate":6082.412003886956,"standard_error":126.34342111843169},"std_dev":{"confidence_interval":{"confidence_level":0.95,"lower_bound":1608.4612735920914,"upper_bound":3557.9083021026386},"point_estimate":2649.0048473188067,"standard_error":497.158081283167}}