{"mean":{"confidence_interval":{"confidence_level":0.95,"lower_bound":2459.1506075414145,"upper_bound":2647.099402697773},"point_estimate":2549.43692072472,"standard_error":48.105390077421156},"median":{"confidence_interval":{"confidence_level":0.95,"lower_bound":2338.5410364765225,"upper_bound":2487.2427983539096},"point_estimate":2390.7018007067327,"standard_error":45.136334221275796},"median_abs_dev":{"confidence_interval":{"confidence_level":0.95,"lower_bound":234.28569187693668,"upper_bound":458.4203444469626},"point_estimate":335.2983496019328,"standard_error":54.0638490042266},"slope":{"confidence_interval":{"confidence_level":0.95,"lower_bound":2471.096618015005,"upper_bound":2640.210519296772},"point_estimate":2555.019494814425,"standard_error":43.29161620805507},"std_dev":{"confidence_interval":{"confidence_level":0.95,"lower_bound":375.60576722642986,"upper_bound":576.7231108370206},"point_estimate":483.18619538804165,"standard_error":51.44760648123708}}