{"mean":{"confidence_interval":{"confidence_level":0.95,"lower_bound":-0.07415399679804437,"upper_bound":0.03666598473667122},"point_estimate":-0.026147382433180155,"standard_error":0.027596887939521888},"median":{"confidence_interval":{"confidence_level":0.95,"lower_bound":-0.1211474617610272,"upper_bound":-0.02136542803496355},"point_estimate":-0.06138776778562671,"standard_error":0.026238605928695057}}