{"mean":{"confidence_interval":{"confidence_level":0.95,"lower_bound":3516.1148503236045,"upper_bound":3792.339547471787},"point_estimate":3649.8553926331497,"standard_error":70.26290830454995},"median":{"confidence_interval":{"confidence_level":0.95,"lower_bound":3317.26293622142,"upper_bound":3693.0183084063947},"point_estimate":3551.3314452183286,"standard_error":107.89866596053363},"median_abs_dev":{"confidence_interval":{"confidence_level":0.95,"lower_bound":513.984692212952,"upper_bound":814.4006383093573},"point_estimate":679.4636841179939,"standard_error":76.20003818275056},"slope":{"confidence_interval":{"confidence_level":0.95,"lower_bound":3492.3803678510353,"upper_bound":3767.80378784975},"point_estimate":3622.7118459246108,"standard_error":70.435246927421},"std_dev":{"confidence_interval":{"confidence_level":0.95,"lower_bound":578.5020682537032,"upper_bound":824.6304990034323},"point_estimate":707.5134186905016,"standard_error":62.97215328516763}}