{"mean":{"confidence_interval":{"confidence_level":0.95,"lower_bound":-0.11328357245050659,"upper_bound":0.07407692838066515},"point_estimate":-0.03460696778156602,"standard_error":0.04795146084566021},"median":{"confidence_interval":{"confidence_level":0.95,"lower_bound":-0.14774421648876224,"upper_bound":-0.05533858530735902},"point_estimate":-0.08127064901252268,"standard_error":0.024960648865280367}}