{"mean":{"confidence_interval":{"confidence_level":0.95,"lower_bound":0.0022594475331326,"upper_bound":0.12340653580201012},"point_estimate":0.061117843755948975,"standard_error":0.030861837613038297},"median":{"confidence_interval":{"confidence_level":0.95,"lower_bound":-0.035684693918250264,"upper_bound":0.07357863154101296},"point_estimate":0.026153963871370367,"standard_error":0.027583852816163882}}