{"mean":{"confidence_interval":{"confidence_level":0.95,"lower_bound":-0.15938664448161138,"upper_bound":-0.0646394826736172},"point_estimate":-0.11359164797465537,"standard_error":0.02435372623628566},"median":{"confidence_interval":{"confidence_level":0.95,"lower_bound":-0.18069352313178982,"upper_bound":-0.07707618046569548},"point_estimate":-0.12472931575734603,"standard_error":0.023298458778505393}}