{"mean":{"confidence_interval":{"confidence_level":0.95,"lower_bound":0.3946031643917793,"upper_bound":0.6066480755350404},"point_estimate":0.4941583163453058,"standard_error":0.054387744997005466},"median":{"confidence_interval":{"confidence_level":0.95,"lower_bound":0.30770964882544205,"upper_bound":0.4816675372153034},"point_estimate":0.4216169142376711,"standard_error":0.04568767744456551}}